movie_id,title,release_year,runtime_minutes,rating,director_name,company_name
129,Дурлалын гэмт хэрэг,2013,105,5.3,П.Дэлгэрбаяр,Лоожикфильм (Logicfilm) Л Ви Эй интертайнмент
198,Татар ажиллагаа,2010,90,7.1,Б.Баатар,Номадс фильмс энд интертайнмент
199,Би чамд хайртай 2,2009,109,5.2,Б.Баатар,Б продакшн
200,Франц үнсэлт,2011,105,7.3,Г.Анхбаяр,Анхаа
201,Уулын хөх сүүдэр,2000,92,6.3,Б.Бадрууган,Твинс фильмс студи (Twins Film)
202,Тэхийн зогсоол,2006,75,6.8,,Твинс фильмс студи (Twins Film)
203,Ээжээ,2011,101,6.3,Д.Нинжбадгар,HD production
204,Мөрөөдлийн зүгт,2009,94,3,Б.Туул,DX production
205,Найз,2012,90,7.1,Б.Болдбаатар,Лайн экшн продакшн
206,Амьдрал төсөл,2011,90,7,П.Дэлгэрбаяр,Л Ви Эй интертайнмент
207,Орхидос,2009,87,6.7,Б.Ганболд,Хамба фильм Хаанаас үзэх вэ?
208,Орхидос 2,2010,99,6.3,Б.Ганболд,Хамба фильм Хаанаас үзэх вэ?
209,Валентины захидал,2012,7,3,Д.Баярсайхан,ТАКТ ХХК
210,Үл таних эмэгтэй,2011,108,6.9,Н.Наранбаатар,Н.Наранбаатар
211,Учиртай гурав,2011,87,6.7,Д.Золбаяр,Монгол контент
213,Намрын синдром,2010,97,6.6,Д.Галбаяр,Коктайл фильмс
214,Мөнгөний гахай,2011,93,6.6,Д.Энхбаяр,Коктайл фильмс
215,Сайн уу амьдрал минь,2008,124,6.9,З.Батболд,Коктайл фильмс
216,Хархны өгөөш,2010,93,6.9,Г.Дарханбаяр,Твинс фильмс студи (Twins Film)
217,Тэнгэрийн андгай,2006,78,6.3,Б.Ганболд,[]
218,Ми-15,2010,89,6.5,С.Нэргүй,Soyombo
219,Дурлалын ангууч,2008,88,6.3,Д.Энхбаатар,Soyombo
220,Сайн Муу Хэрцгий,2011,87,6.8,А.Миеэгомбо,[]
221,Гэрч,2010,87,6.3,О.Батзориг,[]
222,Худгийн мисс,2011,76,6.5,Ж.Биндэр,[]
223,Хүний наймаа,2008,75,6.5,Ж.Биндэр,[]
225,Үүлэн чөлөөний нар,2002,108,6.3,Ж.Биндэр,[]
226,Хайр харуусал,2011,92,5,Л.Энхбаяр,[]
227,Миний ахын эхнэр,2012,86,6.8,Д.Ханьсаг,Нэшнл фильм (National film)
228,Дурсамж төгсгөл үгүй,2011,98,5.5,Б.Батсайхан,[]
229,Ээжийн дайсан,2012,95,6.3,Л.Лхагважаргал,[]
230,Цэлмэг тэнгэр,2011,91,7,Ж.Ганбат,Лоожикфильм (Logicfilm)
231,Төрийн дайсан,2009,94,6.9,П.Дэлгэрбаяр,[]
232,Хайртай бол хартай,2012,90,6.2,,TS студи
233,Элсний нүүдэл,2007,87,7.2,Ц.Балдорж,[]
234,Элсний нүүдэл 2,2008,88,7.3,Ц.Балдорж,Си Эй Си пикчерс
235,Шүрэн бугуйвч,2008,99,5.2,Д.Амар,Си Эй Си пикчерс
236,Миний хөрш чөтгөр,2009,87,7.3,,[]
237,Помогите нам 2,2010,104,6.7,Ш.Даваадорж,Заяа'Ш студи
238,Рашаантын 18,2011,96,6.9,Ш.Даваадорж,Заяа'Ш студи
239,Помогите нам: 23-р хурдан галт тэрэг,2010,87,7.1,Ш.Даваадорж,Ханьсаг
240,Помогите нам 3,2012,92,3.3,Ш.Даваадорж,Заяа'Ш студи
241,Худалч залуу,2012,86,6.8,С.Баттулга,[]
242,Тавилан,1999,80,6.9,Л.Энхбаярийн,Л.Энхбаяр
243,Аз ойрхон,2010,90,6.3,Б.Батболд,B.A.T
244,Жексон амьд,2012,90,1,С.Баттулга,Herub энтертайнмент
245,Гоёлын даашинз,2009,120,6.8,З.Батболд,Биг лайн фильм
246,Цасан охин,2010,99,6.5,З.Батболд,Биг лайн фильм
248,Big Fish - Цэвэрлэгээ,2012,103,6.3,Б.Батболд,B.A.T
249,Аравт,2012,91,6.8,Д.Золбаяр,Нүүдэл соёл (ӨМӨЗО) Монгол фильм групп Хаанаас үзэх вэ?
256,Боолын гэрээ,2008,114,6.3,З.Батболд,Биг лайн фильм Комеди арт
257,Буруу эргэлт,2009,93,6.9,Н.Ариунболд,Шинэ үе продакшн
258,2 хоёрын 5,2012,102,6.7,,Шинэ үе продакшн
259,Үлгэрийн хайр,2010,99,6.4,,Шинэ үе продакшн
260,Уулын төмөр,2004,106,7,О.Бат-Өлзий,Заяа'Ш студи
261,Ноён солиот,2002,96,6.9,О.Бат-Өлзий,Заяа'Ш студи
262,Хайрыг хайрла,2007,85,6.9,О.Бат-Өлзий,Заяа'Ш студи
263,Зүрхэнд шивнэсэн үг,2001,98,7,О.Бат-Өлзий,Заяа'Ш студи
264,9009,2009,91,6.3,Б.Баяржаргал,Next star production
265,Сая долларын олз,2011,93,6.8,Ц.Хүсэлбаатар,Хүсэлбаатар
266,Амьдрах тасалбар,2010,100,6.3,Ш.Доржсүрэн,[]
267,Болсон явдал,2011,97,6.3,И.Одончимэг,Х-ТҮЦ продакшн
268,Бодлын хулгайч,2011,90,4.3,Ж.Сэнгэдорж,Висдом фильм продакшн Хаанаас үзэх вэ?
269,Маск,2012,105,6.7,,Имажинешн фильм
270,Ах дүүс,2010,100,3.4,А.Төгсбаяр,Имажинешн фильм
271,Нэг хоёрын гурав аа,2011,127,6.2,Д.Цогт,Wizard production
273,Ийм нэгэн дурлал,2006,89,7.2,С.Баттулга,Зэт Эм Эн
274,Ийм нэгэн дурлал 2,2008,87,7,С.Баттулга,Зэт Эм Эн
275,Миний муу аав,2010,107,6.6,Ц.Ганбат,Зэт Эм Эн
276,Надтай гэрлээч,2007,86,6.8,С.Баттулга,Зэт Эм Эн
277,Зөрлөг,2008,95,6.7,Ч.Ганзориг,Зэт Эм Эн
278,Би эмэгтэй хүн,2012,94,6.3,С.Бэхбаатар,ТАКТ ХХК Имажинешн фильм
279,Ерөнхийлөгчийн туслах,2013,99,6.9,М.Энхдалай,Шинэ ертөнц продакшн
280,0.145833333,2010,86,6.8,М.Энхдалай,Шинэ ертөнц продакшн
281,Миний найз,2012,77,6.3,А.Алтанхундага,Ред фильм
282,Шидэт өвөл,2009,67,6.6,А.Алтанхундага,Dream art studio
283,Гурван долоо хоног,1999,87,8.1,Б.Баяр,[]
284,Доргио 7 эр,2011,105,5.8,Н.Ариунболд,Шинэ үе продакшн
285,Лардьма,2013,95,6.5,Ж.Сэнгэдорж,Блек зебра Навчаа фильм Хаанаас үзэх вэ?
286,Ану хатан,2013,170,6.8,Т.Алтантуяа,Шүүдэр продакшн Хаанаас үзэх вэ?
287,The Call,2013,69,5.9,Б.Чингүүн,Аурора фильмс Mogul cinema Хаанаас үзэх вэ?
288,Нянгар хаданд гарсан нь,2009,110,6.3,Б.Түмэн-Өлзий,Н Ти Ви продакшн
289,Дурлалын сум,2012,86,6.6,Ц.Хүсэлбаатар,Шилдэг өнгө продакшн
290,Эрэмдэг,2013,100,6.5,С.Бэхбаатарийн,Имажинешн фильм
291,Шөнө дундын яриа,2013,95,5.5,О.Батзориг,Очир фильм студи Хаанаас үзэх вэ?
292,Single Ladies,2013,100,6.8,А.Миеэгомбо,U film Бондоолой фильм Миеэгомбо кино компани Хаанаас үзэх вэ?
293,Зэрлэг цэцэгсийн хүлэмж,2013,110,7.6,У.Уранчимэг,Хувьсал продакшн
294,Шарталт,2013,85,1.3,Л.Лхагважаргал,[]
295,Үхлийн симфони,2013,75,6.4,,Оюунлаг продакшн
296,Хунгийн сүүлчийн дуу,2012,89,5.8,Р.Алтансүх,Твинс фильмс студи (Twins Film)
297,Зүүдэнд ч оромгүй явдал,2013,90,5,Н.Наранбаатар,[]
298,Дүүлэн нис,2013,100,6.9,Ш.Доржсүрэн,[]
299,Микроны Boss,2013,80,6.5,Л.Лхагважаргал,[]
300,Сарны гөлөг,2013,89,6.3,Ш.Даваадорж,Заяа'Ш студи
301,Тагнуулч аав,2013,97,4.5,,Гөү адвенчер студи
302,Facebook од,2013,90,6.5,Д.Лхагва,Л Ви Эй интертайнмент
303,Голланд сарнай,2013,92,6.6,С.Баттулга,ХЕРУБ интертайнмент
304,Хөлтрөг,2013,91,4.2,,Лоожикфильм (Logicfilm)
305,Цавчуур.ком,2009,95,5.7,Д.Амараа,Си Эй Си пикчерс
307,Шарга даага,2013,90,7.4,Ч.Хоролдорж,Ай сити фильмс Хаанаас үзэх вэ?
308,Гарал угсаа,2012,112,6.7,Т.Билэгжаргал,Блек зебра
314,Амжих уу хайраа,2013,87,6.3,Б.Ганхөлөг,Ебенезер продакшн
482,Хүний хүүхэд,2011,87,6.9,Б.Амарсанаа,С Ти студи
541,Шинэ үсгийн багш,1998,87,6.9,Б.Бадрууган,[]
562,Тайна Чингис Хаана,2009,87,6.5,,[]
839,Khadak,2006,87,6.8,,[]
881,Ганцхан оноо,2013,103,6.1,Д.Тэмүүлэн,[]
888,Ядуугийн зовлон,2000,87,7.1,Г.Энхтөр,Хас студи
889,Анирлагч,2014,88,6.8,Д.Энхбаатар,Амар медиа
890,Сайн Муу Хэрцгий 2: Эргэж ирсэн нь,2013,72,4.9,А.Миеэгомбо,Миеэгомбо кино компани
891,Анхаар! Дотор чимээгүй,2014,100,6.5,Н.Отгонбаяр,АНТ интертайнмент
892,Кино шиг амьдрал,2013,90,6.4,Ш.Доржсүрэн,[]
893,Аз жаргалын шок,2014,90,7.3,Б.Тамир,Ф студи
895,Хязгааргүй,2014,100,5.8,И.Нямгаваа,Гэрэлт медиа групп
896,Улаан пальто,2014,106,6.3,Э.Чинзориг,Шүүдэр продакшн
897,Дурлалын магистр,2014,74,6.3,Б.Батзориг,МАСС продакшн Хаанаас үзэх вэ?
898,Тэртээх ертөнцийн хөгжимчин,2014,95,6.7,Ц.Чинбат,Блек мейжик
899,Луйвар,2014,86,6.3,Б.Цогтбаяр,Дээд гэгээн пикчерс
900,Үхэл амьдралын заагт,2013,100,6.3,Н.Нэргүйбаатар,Оргил Кино студи
901,Миний супер монита,2010,74,6.8,Б.Амарцогт,Орчлон фильм
902,Үргээлэг,2014,97,6.8,Ж.Сэнгэдорж,Прайм пикчерс Кино драмын А групп
903,Хүүгүй ломбард,2014,85,6.1,Д.Отгонбаяр,Оюунлаг продакшн
904,Улаан дөрвөлжин,2014,130,7.1,Б.Ганболд,Хамба фильм Хаанаас үзэх вэ?
905,Секс эрх чөлөө,2011,88,5.3,Ж.Жамъянсүрэн,Лоожикфильм (Logicfilm)
906,Зүүдний үргэлжлэл,2009,80,6.8,Ч.Батбаяр,Лоожикфильм (Logicfilm) Мазаалай фильм
907,Эзэнгүй бөгж,2012,72,6.3,Ч.Батбаяр,Лоожикфильм (Logicfilm)
908,Богд хаан,2011,112,6.9,Б.Цогтбаяр,Дээд гэгээн пикчерс Хаанаас үзэх вэ?
909,Хубилай хааны зарлиг,2007,99,6.7,Б.Цогтбаяр,Зохиомж кино компани
910,Их говийн жонон хамлет,2003,80,6.3,Д.Чинбат,Зохиомж кино компани
911,Уучил,2006,80,6.3,Б.Цогтбаяр,Зохиомж кино компани
912,Хайрлаагүй амь,2010,90,6.9,Г.Энхтөр,Score
913,Зүрхээр наадагч,2014,104,8.1,У.Уранчимэг,Хувьсал продакшн
914,Ээжээ надтай гэрлээч,2014,95,7.3,Л.Лхагважаргал,[]
915,Эцсийн зогсоол Э цэг,2014,105,6.6,Б.Ариунболд,Юу Би бета интертайнмент Эрхэс студи
916,Миний хайр,2014,90,7.1,Ц.Золжаргал,Бондоолой фильм
918,Сүүлчийн шөнө,2014,75,6.9,Н.Наранбаатар,Парамайнд арт Тэнгри концепт
920,Эх орон дуудаж байна,2014,80,6.6,Д.Ангараг,А-Артист продакшн Од театр Хаанаас үзэх вэ?
921,Шинэ жилийн адал явдал,2013,80,6.2,Г.Бадамрагчаа,[]
924,Ховч,2009,84,6.3,С.Тимур,[]
925,Мартагдашгүй намар,2012,94,7,Д.Отгонзаяа,Ю Би Эс телевиз
927,Өнөөдөр,2014,90,6.8,Б.Тулгаа,Грийн креатив арт
929,Хүсэл мөрөөдлийн зүгт,2014,74,6.7,Ж.Батбаяр,Голден стейж интертайнмент
930,Бөмбөг,2014,71,7,Л.Лхагвадорж,Лимон студи Гал пикчерс студи
931,Цэн тогоруу,2014,98,6.8,М.Ивээл,Жинжиймаа кино баг
944,Хүрэлдэй: Их хааны элч,2009,92,6.3,Б.Амарсанаа,С Ти студи
946,Чи итгэхгүй л дээ,2009,92,1,У.Батбаатар,Khaangarid Pictures
947,Тютю,2015,95,6.5,Г.Ундармаа,U film Прайм пикчерс
948,Омарын эрэлд,2014,120,6.4,Ж.Сэнгэдорж,Коктайл фильмс
1035,Би хулчгар,2014,80,6.4,Б.Мөнх-Амьдрал,A&O продакшн
1084,650,2009,110,6.2,М.Энхдалай,Шинэ ертөнц продакшн
1227,Би чамд хайртай,1985,87,7.3,Б.Балжинням,[]
1228,Хүний төлөө,1976,87,6.9,Д.Жигжид,[]
1234,Содура,2015,120,8.7,Б.Жаргалсайхан,Ю Би Эс телевиз Хаанаас үзэх вэ?
1240,3 найз: Яасан байх нь уу?,2015,100,9.3,Ч.Ганзориг,Кийстоун фильмс
1241,Хөгжилтэй өдөр,2015,87,6.7,Н.Ариунболд,Шинэ үе продакшн Хаанаас үзэх вэ?
1242,Учрал,2015,87,7.4,,Аурора фильмс Хаанаас үзэх вэ?
1243,Хар сувдны нууц,2015,87,6.8,Б.Тамир,Ф студи МИМ фильм Хаанаас үзэх вэ?
1244,Тооцоогүй тоглоом,2015,90,6.6,У.Уранчимэг,[]
1245,Ар хударга,2015,90,5.2,О.Эрдэнэ,Дашдоржийн Болдбаатар Хаанаас үзэх вэ?
1266,Анчид,2015,87,7,О.Дэмбэрэл,Юу Би бета интертайнмент Онч мэргэн продакшн
1273,Донор,2015,90,6.7,Ч.Батбаяр,Лоожикфильм (Logicfilm) Мазаалай фильм
1274,Үндэсний баялаг,2015,90,6.6,Б.Бодьбаатар,Сүлд интертайнмент Могжоохон интертайнмент
1275,247 градус,2015,87,7.1,Б.Тамир,Ф студи МИМ фильм
1276,Аав,2015,90,0.5,Г.Эрдэнэбилэг,Блек зебра Хаанаас үзэх вэ?
1277,Аюултай харилцаа,2015,87,7.1,Ц.Хүсэлбаатар,Хас фильм студи Хаанаас үзэх вэ?
1278,Хамтран амьдрагч,2015,87,6.3,Д.Хүрэлхүү,Хүрэлхүү
1279,Надад итгээч,2015,87,7,Г.Бандицэрэн,Фокус 2200 интертайнмент Хаанаас үзэх вэ?
1281,Хүүхэлдэй,2015,87,6.8,Б.Цогт-Эрдэнэ,Кино цамхаг студи
1282,Танхай тээгч,2015,97,6.8,И.Одончимэг,Аврора фильм Хаанаас үзэх вэ?
1285,Хуримын сюрприз,2015,87,6.8,Д.Отгонбаяр,Оюунлаг продакшн
1286,Зангараг,2015,95,7.2,А.Батбаатар,Скай пирамид студи Хаанаас үзэх вэ?
1295,Le dernier loup,2015,121,7.9,.Annaud,China Film Co. Reperage Beijing Forbidden City Film
1306,Эр хүн болгож өгөөч,2015,87,7.3,Э.Батхүү,Майнд медиа групп
1312,Мөнх тэнгэрийн хүчин дор,1992,87,8.8,Б.Балжинням,Чингис фильм
1313,Дэв,2010,92,7.1,Б.Жаргалсайхан,Синебокс (Cinebox)
1345,Амьдрал нулимсанд дургүй,2015,96,6.3,Ц.Энхцогт,Дээд гэгээн пикчерс
1353,Made in Ulaanbaatar,2015,87,6.7,Л.Лхагважаргал,Нүдэн фильм Хаанаас үзэх вэ?
1356,Муушгийг таван гар тоглох албагүй,2013,110,6,,Хос чандмань уран бүтээлийн нэгдэл
1357,Алсын удирдлага,2014,90,6.3,С.Бямба,Гуру медиа ХХК
1358,Ноход,2015,87,6.8,Л.Таванбаяр,Жаалхүү фильм
1400,Бидний найзын дурлал,2001,87,6.9,А.Төгсбаяр,[]
1404,Тайга,2015,87,7.2,Д.Ууганбаяр,35фильм
1434,Хожлын нүүдэл,2015,87,6.7,Г.Анхбаяр,Прайм пикчерс Амжилтаа ахиулъя ТББ Ти Жэй интертайнмент
1439,Single Ladies 2,2015,87,4.2,Г.Ундармаа,U film
1445,Жаужүрек мын бала,2012,87,6.3,А.Сатаев,Sataifilm
1449,Дүр эсгэгчид,2015,87,6.5,Ш.Равдандорж,Хас форм пикчерс Улаан театр
1450,Алтан өндөг,2018,87,7.4,И.Одончимэг,Тэнгэр продакшн
1451,Маш нууц,2015,87,8.8,О.Бат-Өлзий,Жийж продакшн Ред пойнт медиа
1454,Элэг нэгтэн,2015,120,7.3,Ш.Доржсүрэн,ME Monwichit Production (Thai) Spear Production (Thai) Хаанаас үзэх вэ?
1455,Такси,2015,87,2.6,Г.Дарханбат,Твинс фильмс студи (Twins Film)
1457,Босуул,2015,87,7.6,Ж.Сэнгэдорж,Коктайл фильмс Блек зебра Сан пикчерс Неско фильм сөүнд
1458,High School,2015,87,3.3,Ө.Бат-Эрдэнэ,ЛАМСАН продакшн
1459,Төмөр нар,2015,87,6.9,Л.Ган-Эрдэнэ,[]
1462,Хаалттай хот,2016,87,6.9,,[]
1466,Атганд үлдсэн эрдэнэ,2016,87,5.3,У.Уранчимэг,[]
1469,Бид 3-ын болзоо,2015,87,6.2,М.Энхдалай,Ай Си креатив дивишн Хаанаас үзэх вэ?
1475,Дурласны маргааш,2005,90,6.6,Ш.Доржсүрэн,[]
1477,Хүүхэд том болох лүд юм аа,2000,87,6.7,,[]
1494,Анхны алхам,1969,87,7.2,Г.Жигжидсүрэн,[]
1501,Тэр жилийн тэр өдөр,2016,87,7,Б.Нагнайдорж,Хасу продакшн
1505,Бохир ертөнц,2015,87,7.5,Л.Ариунболд,Борн фильм студи Морьтон интертайнмент
1509,Сүүлчийн төрсөн өдөр,2015,87,6.3,Г.Гантулга,Икс-МАСС продакшн
1514,Говийн домог,2018,87,8.6,Ц.Даваажаргал,Ю Би Эс телевиз Хаанаас үзэх вэ?
1522,Тоглож болохгүй нас,2015,87,7.4,Ө.Алтансэрээ,Гөлдэн пикчерс продакшн
1527,Том толгойтын романс,2015,87,6.8,Б.Барслхагва,Бродерхүүд
1530,Уулын эзэн,2015,45,7.1,У.Пүрэвжав,Лоожикфильм (Logicfilm) Гэрэлт медиа групп
1531,Оргилд хүрэх зам,2015,20,7.6,О.Сэргэлэн,ЗОС фильм медиа
1534,Бүү март,2016,87,7.4,А.Мөнхсүх,Хүмүүн фильм
1545,Қазақ Хандығы: Алмас Қылыш,2017,87,6.6,,[]
1550,Монгол төрийн товчоон,2012,87,6.9,,Биг лайн фильм
1556,Хүсэл,2015,87,7.1,Р.Эрхэмбүрэн,[]
1566,Шуугиан таригч,2016,87,6.8,Д.Галбаяр,Гөү адвенчер студи Ред пойнт медиа
1571,Алиа салбадай,1993,87,6.3,,[]
1572,Гэрлэж амжаагүй явна,1981,87,6.9,Ж.Бунтар,[]
1573,Ороолон,2016,87,3.6,Ө.Мөнгөнтулга,Кино цамхаг студи
1576,Ирж яваа цаг,1986,87,6.9,Ж.Бунтар,[]
1577,Би ээж болмоор байна,2016,87,7.3,Г.Дарханбат,Твинс фильмс студи (Twins Film)
1579,Зүрхэнд дуссан нулимс,2016,87,7.3,Л.Ариунболд,35фильм Морьтон интертайнмент Маршал креатив агентлаг
1580,Сайн эцэг,2015,87,6.7,Л.Таванбаяр,Жаалхүү фильм Ю Би Эс телевиз
1586,Сөрж болдоггүй тавилан,2016,87,7.2,Л.Гаваасүрэн,Тунгалаг продакшн
1598,Эхнэрийн эзгүйд,2016,87,7.3,Г.Содбилэг,Кроп интертайнмент Грийн фильм
1599,Үргээлэг 2,2016,87,6.9,Г.Эрдэнэбилэг,Прайм пикчерс Кино драмын А групп
1605,Ядуугийн зовлон 2: Хүдэр эргэж ирсэн нь,2016,87,4.7,Ц.Хүсэлбаатар,Хас фильм студи Ред пойнт медиа Хаанаас үзэх вэ?
1608,Дурлал сүйтгэгч,2016,100,6.8,Д.Эрдэнэбулган,Плас мошн пикчерс
1610,Өртөө,2016,87,6.7,Б.Чингүүн,Аурора фильмс Хаанаас үзэх вэ?
1618,Schau mich nicht so an,2015,87,3.2,Б.Үйзэнмаа,Хоёр монгол манаач
1623,Lovers,2016,87,7.3,Ж.Сэнгэдорж,Лоожикфильм (Logicfilm) Прайм пикчерс Сан пикчерс
1624,18 нас: Би чамд хайртай,2016,87,6.2,Б.Тамир,Ф студи
1629,Би эхнэрийнхээ нууц амраг,2016,87,6.3,Б.Ганхөлөг,Эбэнэзэр продакшн
1630,Ээждээ ир,2016,87,7.1,Ө.Мөнх-Эрдэнэ,Мөнх өлзий интертайнмент
1636,Үлгэрийн баатар гэртээ харих замд,2016,87,7.5,Ц.Төмөрхуяг,Борн фильм студи Морьтон интертайнмент
1655,Жинжиймаа,2003,87,6.8,О.Машбат,[]
1665,Монгол / Mongol,2007,87,7.1,С.Бодров,[]
1668,Муу нүүрт,2016,87,7,Э.Оргил,[]
1669,Өвлийн тууж,2016,87,7.2,Б.Тулгаа,Грийн креатив арт
1670,"Өнөр бүл, өнөө цагт",2016,126,5.8,С.Баттулга,[]
1671,Urilɣa / 请帖,2016,87,6.3,Х.Дотно,[]
1672,Өнөр бүл,1980,87,6.7,Д.Жигжид,[]
1673,Аягүй тэнэг ээ,2013,80,7.3,Ц.Төмөрхуяг,Цагаан Цэгмид студи
1676,Сайн уу амьдрал минь 2,2016,87,6.1,З.Батболд,Номадс фильмс энд интертайнмент Биг лайн фильм Ред пойнт медиа Хаанаас үзэх вэ?
1679,Хайрын клуб,2016,87,5.2,,Уухай пикчерс
1683,6 дахь хүсэл,2016,87,5.3,Б.Тулгаа,Найзууд театр Хаанаас үзэх вэ?
1684,Туршилтын хосууд,2016,87,6.5,Д.Отгонбаяр,Оюунлаг продакшн Хаанаас үзэх вэ?
1690,Ээж,2016,87,9.5,Б.Эрдэнэцэцэг,Чононгоо фильм продакшн Хаанаас үзэх вэ?
1691,Биелэгдэшгүй төлөвлөгөө,2016,87,7.2,Р.Эрхэмбүрэн,[]
1695,Холион бантан,2016,87,6.9,А.Мөнхсүх,Хүмүүн фильм
1696,Нүдэн сондор,2016,87,6.9,Д.Энхбаатар,Төгс интертайнмент
1700,Зам,2011,87,6.4,,[]
1701,Нэг өдрийн дайсан,2016,120,6.9,Д.Эрдэнэбулган,Плас мошн пикчерс
1705,Итгэл,2016,87,6.2,Б.Гарамханд,Ай Эф Ай продакшн (IFI Production)
1707,Намайг хайрла,2016,87,6.3,А.Чингүн,Ай Си креатив дивишн Хаанаас үзэх вэ?
1715,Хөөрхөн шулам,2016,87,5.7,Т.Алтантуяа,А-Артист продакшн
1716,Хотулун гүнж: Алтан судрын эрэлд,2021,87,7.5,С.Баасанжаргал-ийн,Шүүдэр продакшн Хаанаас үзэх вэ?
1718,Би дурламаар байна,2016,87,6.5,Р.Эрхэмбүрэн,Борн фильм студи
1725,Агууч,2016,87,7,,[]
1731,Миний эхнэр тагнуулч,2016,87,7.3,Ц.Бямбажаргал,Директорс фильм
1740,Зөв алдаа,2016,87,6.7,Б.Болдбаатар,Лайн экшн продакшн Улаан малгайт
1748,Live from UB,2015,87,7.1,,[]
1749,Одод болохын хүслэн,2016,87,7.2,Б.Жаргалсайхан,Монгол контент Мөрөөдлийн театр Хаанаас үзэх вэ?
1754,Тнгри,2012,87,6.8,Б.Ганболд,[]
1755,Байтаг богд,2018,87,9,О.Бат-Өлзий,Жийж продакшн
1756,Цагаан хадаг,2016,87,7.4,Ж.Сэнгэдорж,[]
1757,Барьцаа 007,2016,72,7.4,Б.Жаргалсайхан,Синема лайн Араг продакшн
1758,Рэкет,2016,105,2.1,Ц.Золжаргал,Бондоолой фильм Рек рекордс
1760,Чингисийн хүүхдүүд,2017,87,7.3,Д.Золбаяр,EFilm Mongus Pictures Mongol Film Group Los Angeles
1764,Галзуу зугаалга,2016,87,6.8,Ц.Хүсэлбаатар,Шүүдэр продакшн Хас урлан фильм
1769,Шүүдэр дундуур,2016,87,7.4,Б.Отгонзориг,Ю Би Фильм медиа групп Хаанаас үзэх вэ?
1775,Хараал,2016,87,6.8,Ц.Төмөрхуяг,Морьтон интертайнмент
1776,Амьдралоги,2017,87,6.7,С.Батмөнх,Блек зебра U film
1780,Mora,2017,87,4.7,Ч.Отгонбаяр,Амжилт анимейшн студи
1782,Сахиулсан тэнгэр,2016,87,6.7,Д.Бямбацогт,Цагаан буга фильм продакшн
1783,Аз жаргал,2016,87,6.8,Б.Чингүүн,Аурора фильмс Хаанаас үзэх вэ?
1784,Шилжилт,2017,87,6.9,Б.Нямдаваа,Эйркреатив (Airkreativ)
1785,Admin Z,2016,87,6,Б.Цогт-Эрдэнэ,Кино цамхаг студи
1786,Харанхуй хад,2016,87,6.9,Б.Цогтбаяр,Дээд гэгээн пикчерс
1788,Norjim-a / 诺日吉玛 / Norjmaa,2014,87,7.1,Б.Баян-Ерөөл,[]
1789,Шидэт ой,2016,87,6.5,Б.Сүхболд,[]
1792,Boss of Prius,2017,87,5.4,Д.Мөнхбат,Нүдэн фильм
1799,Хоёр гүүрний цаана,2016,87,6.9,М.Энхдалай,Шинэ ертөнц продакшн Ти Жэй интертайнмент Дот студи Хаанаас үзэх вэ?
1803,Надыын аав мангар,2016,87,6.8,Ө.Мөнх-Эрдэнэ,Мөнх өлзий интертайнмент
1807,Чингис хаан,2018,87,7.9,Б.Тэнгис,Өүшн пикчерс
1813,Эзэгнэгч,2017,87,6,Д.Энхбаатар,35фильм Дөрвөлжин үсэг
1815,Нүдээ аниад төсөөл,2016,87,6.6,Г.Ган-Очир,Экспрессив лайн пикчерс Парамайнд фильм энд арт Жи Эйч интертайнмент
1823,Зүрхний хилэн,2017,87,9.7,Б.Тамир,Монгол контент Ф студи Хаанаас үзэх вэ?
1826,Залуу нас,2017,87,7.4,П.Энхбаатар,Борн фильм студи
1832,Үзэсгэлэнт 12 сар,2017,87,7.1,Ц.Цэрэндорж,Майнд студи Хаанаас үзэх вэ?
1838,Сайн аав,2017,87,7.2,С.Бүжин,Простар (Prostar) Фүлл студи
1841,Манан зүсэгч,2017,87,6.7,Р.Эрхэмбүрэн,[]
1844,Шинэ жил,2017,87,6.3,П.Батболд,Ви фильм Нүүдэлчний домог телестуди
1845,Цэцэг шиг нас,2017,87,6.9,,Аскард сити студи
1852,Гацуурхан,2016,87,6.8,Г.Анхбаяр,Монгол ТВ
1853,Хоёр амь,2017,87,7.4,Б.Ганболд,Монгол контент Хамба фильм Хаанаас үзэх вэ?
1856,Миний нууц,2017,87,7.5,Д.Галбаяр,Гөү адвенчер студи
1872,Баатар,2017,87,6.7,Ч.Билгүүн,Спэйс интертайнмент
1874,Бодлын хулгайч: Яригдаагүй түүх,2018,87,6.8,,[]
1875,Үхээд өгөөч хайрт минь,2017,87,6.9,Г.Бандицэрэн,Монголын Үг Урлаачидын Нийгэмлэг Хишиг продакшн
1879,Үүр цайгаасай,2017,87,6.4,Ж.Сэнгэдорж,Блек зебра Навчаа фильм Сан пикчерс АНА интертайнмент (ANA Entertainment)
1880,Хайр,2017,87,7,Б.Чингүүн,Есү фильм (Yesu)
1881,Багш,2017,87,7.1,Г.Дарханбаяр,Твинс фильмс студи (Twins Film)
1886,ТҮЦний охид,2017,87,7.1,Д.Галбаяр,Гөү адвенчер студи Ред пойнт медиа Хаанаас үзэх вэ?
1891,Завсарлаагүй хичээл,2017,87,7.5,Б.Ганболд,ГҮБ ХХК Хаанаас үзэх вэ?
1896,Хавцалд,2018,87,7.4,Б.Чинзоригт,Энержиз интертайнмент
1897,Төгс бүсгүйн зууч,2017,87,7.2,Ш.Батбаяр,[]
1905,Илд цэцэг,2017,87,7.1,П.Дэлгэрбаяр,[]
1906,Хоёр ертөнц,2017,87,6.1,А.Батбаатар,[]
1907,Надаар тоглосон хайр,2017,87,8.1,Н.Элдэв-Очир,Элдэв-Очир фильмс Лайн интертайнмент Хаанаас үзэх вэ?
1911,Хуримын даашинзтай бүсгүй,2017,110,6.8,З.Батболд,Биг лайн фильм Ред пойнт медиа Оранж энтертэйнмент Хаанаас үзэх вэ?
1913,Царайлаг өдрүүд,2017,87,6.6,Д.Отгонбаяр,Оюунлаг продакшн
1914,Дурлах санал,2017,87,3.2,Д.Ханьсаг,Нэшнл фильм (National film)
1917,Super league,2020,87,6,Э.Оргил,[]
1936,战神纪 / Genghis Khan,2017,87,7,Х.Чулуу,Өвөр Монголын Кино Хороо (Inner Mongolian Film Association)
1937,Үүлэн хээтэй орчлон,2018,87,7.4,Г.Бадамрагчаа,Монгол контент Хаанаас үзэх вэ?
1944,Single Ladies 3,2017,87,3.2,Б.Жавхлантөгс,U film
1948,Том 4 толгой,2017,87,6.8,Н.Ган-Эрдэнэ,Бросис пикчерс Скрим тийм студи
1950,Байрны ах,2017,87,7.2,Б.Нямдаваа,НД фильм (ND Film)
1955,3 найз: Эргэж ирсэн нь,2017,87,3.3,С.Баттулга,[]
1958,Under the Turquoise Sky / ターコイズの空の下で,2021,87,6.9,,Ай Эф Ай продакшн (IFI Production)
1959,Хамгийн хөөрхөн охин,2017,87,7.4,Л.Таванбаяр,Жаалхүү фильм Түвшин интертайнмент Хаанаас үзэх вэ?
1960,Залуу мөрдөгчид,2017,87,7.5,С.Бүжин,Простар (Prostar) Хаанаас үзэх вэ?
1961,Хийморь,2019,87,7.5,Г.Эрдэнэбилэг,Гурван дөл пикчерс Бэлгүтэй пикчерс Хаанаас үзэх вэ?
1962,Бүхнээс дээгүүр,2017,100,5.5,Б.Гарамханд,Оранж энтертэйнмент
1964,Анхны харц,2017,87,7.2,Б.Батзориг,Лайн интертайнмент Про интертайнмент Хаанаас үзэх вэ?
1972,UB Squad,2018,87,6.9,Ш.Батсуурь,[]
1974,Такси 2: Шинэ түүх,2018,87,6.5,Г.Дарханбат,Твинс фильмс студи (Twins Film)
1980,Ах дүү гурав,2018,87,6.8,Ө.Мөнх-Эрдэнэ,Захиалгат инээд интертайнмент
1998,Орилоон,2018,87,6.9,Б.Цогт-Эрдэнэ,Кино цамхаг студи Хаанаас үзэх вэ?
1999,Солиот эх,2017,87,7.5,И.Одончимэг,Блек зебра Хаанаас үзэх вэ?
2002,Ларьдма,2018,87,7.4,Ж.Сэнгэдорж,Лоожикфильм (Logicfilm) Сан пикчерс Дарма фильм
2005,Хүн мод,2017,87,6.4,А.Төгсбаяр,Имажинешн фильм Борн фильм студи Рек рекордс Хаанаас үзэх вэ?
2006,Бумеранг,2018,87,7.3,Ч.Батбаяр,Монгол контент Хаанаас үзэх вэ?
2009,Баярлалаа Ааваа,2018,87,6.8,,[]
2011,Томоож,2018,87,6.5,,Марч найн медиа
2018,One Night,2018,87,7.5,Э.Алдар,Бааб фильм Эй Ай интертайнмент
2019,War,2018,87,6.9,,[]
2030,Параллель ертөнц,2018,87,6.9,,Ф студи
2032,Love Story,2018,87,6.7,,Гэрэлт медиа групп
2033,Сэтгэлийн анир,2018,87,5.2,Э.Чинзориг,Лоожикфильм (Logicfilm) Пойнт продакшн Хаанаас үзэх вэ?
2034,Сараана,2018,87,6.4,,[]
2041,Яллагч,2018,87,8.3,Г.Эрдэнэбилэг,Гурван дөл пикчерс
2046,Орк,2018,87,6.9,Д.Ганцогт,Мэсмэризм фильм Хаанаас үзэх вэ?
2047,Ээжийн дайсан 2,2018,87,7.1,Д.Мөнхбат,Нүдэн фильм Хаанаас үзэх вэ?
2054,Онцгой даалгавар,2018,87,5.2,Д.Отгонбаяр,Оюунлаг продакшн 35фильм
2055,Эрэгтэй охин,2018,87,4.6,А.Алтанхундага,Рэд фильм
2056,Emoji,2018,44,5.1,Г.Жанчив,[]
2057,2000,2019,87,5.3,Б.Отгонзориг,Ю Би Фильм медиа групп Хаанаас үзэх вэ?
2058,Соёлын довтолгоо,2019,87,4.2,Д.Мөнхбат,[]
2062,Мөсөн ээж,2018,87,6.7,Ц.Төмөрхуяг,Цагаан Цэгмид студи
2063,Нэхүүл,2022,87,7.4,М.Лхагва-ийн,[]
2064,+17: Bad Angel,2018,90,5.5,Б.Жаргалсайхан,Оранж энтертэйнмент
2065,Хөхөөний үүр,2018,87,7.3,Б.Цогт-Эрдэнэ,Кино цамхаг студи
2066,Толбо,2018,87,5.6,Э.Батхүү,[]
2068,Хүний цаана,2018,87,7.5,Г.Даваазул,[]
2069,Нинжин сэтгэл,2018,87,3.9,Ц.Хүсэлбаатар,Хас урлан фильм Рек рекордс Про интертайнмент Хаанаас үзэх вэ?
2070,Гэрч,2018,100,3,,Оранж энтертэйнмент Ай Эф Ай продакшн (IFI Production)
2071,Том 6 толгой,2018,87,5.4,,Бросис пикчерс
2072,Ховор хүмүүс,2018,87,7,А.Мөнхсүх,[]
2076,Шөнө дундын яриа 2,2018,87,7.4,О.Батзориг,Очир фильм студи Борн фильм студи
2078,Хайр заримдаа,2018,87,6.6,Ц.Золжаргал,Бондоолой фильм
2079,Торгуд ван,2018,87,7,Ж.Сэнгэдорж,[]
2080,Boss of Boss,2019,87,4.8,Д.Мөнхбат,Тэлмэн фильм Хаанаас үзэх вэ?
2081,Hi Honey,2019,87,4.9,О.Базаррагчаа,Блек зебра Нэгүн студи Хаанаас үзэх вэ?
2082,Асрагч аав,2018,87,6.8,Ц.Амартүвшин,Ф студи Насу фильм Хаанаас үзэх вэ?
2083,"Хоёрдугаарт, нударгаар асуудлыг шийдэх, газар орон, онц цагийн өчүүхэн ялгаагаар эрэмбэ зиндаа тогтоох “атаман соёл”-ын элементүүд 1990 оны хуучин нийгэмдээ хоцорч үлдэх ёстой үе нь өнгөрсөн бурангуй сэтгэлгээ мэт. Хаанахын хэн гээч нь, ямар танхай зодоонч байх нь Африкийн сураггүй ширэнгийн нэгэн өчүүхэн модны хамгийн хүчтэй шоргоолж байхын адил явцуу бөгөөд утга учиргүй бахархал гэлтэй. “Цахиур” Төмөрийн үе нь өнгөрсөн үлгэрийг шүтсэн “Итгэлт Баян”-ы Хонгор хүү ч цусан төлөөст унадаг. Учир нь шинэ үеийн залууст тулгарч буй хамгийн том сорилт нь Улаанбаатарын нэг гудамны эрхэлсэн ажилгүй хулигааны орон тоог мөрөөдөх бус, амар амгалан, элбэг тайван амьдралын төлөө Хятад, Солонгос, Америк, Европ гэх жинхэнэ “атаман”-уудтай боловсрол мэдлэг, арга ухаанаар, ажил бүтээлээр дэлхийн хэмжээнд өрсөлдөх билээ.",,87,8.9,Б.Тамир,Ред пойнт медиа Үнэт продакшн
2084,Шилжилт 2,2018,87,7.2,Б.Нямдаваа,НД фильм (ND Film)
2085,100 жилийн эморол,2019,87,3.3,Ц.Амартүвшин,Ф студи Рек рекордс
2086,Single Ladies 4: Эхлэл ба төгсгөл,2020,87,1.9,Л.Бат-Амгалан,U film
2088,Өндгөн толгойт,2019,87,4.2,Ц.Амартүвшин,Ф студи Жижгээ & Цогтоо Хаанаас үзэх вэ?
2089,Онцгой эрх,2020,87,7,,Борн фильм студи Хаанаас үзэх вэ?
2091,Хөх тавилан,2022,87,7.1,Т.Алтантуяа,[]
2096,Түүх мартахгүй,2020,87,7,А.Мөнхсүх,Хүмүүн фильм
2107,Хэнд ч хэлээгүй нууц,2021,87,7.2,Ц.Хүсэлбаатар,Хас урлан фильм Рек рекордс
2108,Тэнгэрээс буусан од,2019,87,8.2,У.Уранчимэг,[]
2109,Халуун зүрх,2019,87,8,Д.Ганцэцэг,Ред пойнт медиа Аримун продакшн Хаанаас үзэх вэ?
2110,Хөөрхөн ээжтэй охин,2019,87,5.3,И.Одончимэг,Тэнгэр продакшн Хаанаас үзэх вэ?
2111,Насан туршдаа,2019,87,7.8,Р.Эрхэмбүрэн,Насу фильм Хаанаас үзэх вэ?
2119,Хонх,2019,87,7,Б.Цогт-Эрдэнэ,[]
2120,Солонго Үүл,2020,87,8.1,Р.Эрхэмбүрэн,Донна фильм Хаанаас үзэх вэ?
2121,Огтлолцол,2019,87,7.4,Г.Анхбаяр,[]
2122,1990,2020,87,5.4,Д.Лхагва,Л Ви Эй интертайнмент
2131,Cool аав,2019,90,5.9,Д.Галбаяр,Оранж энтертэйнмент Насу фильм
2132,Бууны сумыг буцааж болдоггүй,2019,87,4.8,П.Дэлгэрбаяр,[]
2145,Сүүн замын сахиул,2019,87,6,Т.Анар,Титанс фильм Хаанаас үзэх вэ?
2148,Монголын сүүлчийн эзэн хаан,2021,87,7,Б.Цогтбаяр,[]
2151,Энгийн иргэн,2019,87,7.2,Э.Чинзориг,Лоожикфильм (Logicfilm) Пойнт продакшн Хаанаас үзэх вэ?
2155,Мам,2019,87,7.1,Б.Ганболд,Хамба фильм Хаанаас үзэх вэ?
2157,Однажды UB,2019,87,7,Б.Батбаатар,Хас форм пикчерс
2158,Хадмын хайр,2020,87,7.5,Д.Отгонбаяр,Оюунлаг продакшн Хаанаас үзэх вэ?
2166,Таарсан хоёр,2020,87,4.9,М.Энхдалай-ийн,Бат медиа Хаанаас үзэх вэ?
2167,Галт шувуу,2019,87,5,,[]
2168,Буруу өрөг,2020,87,8.8,О.Бат-Өлзий,Жийж продакшн Ред пойнт медиа
2169,Үр,2019,87,4,,[]
2179,Ноён эмэгтэй,2022,87,6.8,У.Уранчимэг,Hero
2181,Залхуус,2021,87,7.3,О.Базаррагчаа,Блек зебра Нэгүн студи
2182,Öndög / ᠥᠨᠳᠡᠭᠡ / 恐龍蛋,2019,87,6.9,Q.Wang,[]
2183,Эрдэнэсийн өв,2020,87,6.8,Л.Баттулга,[]
2187,Алтан судал,2020,87,7.2,Д.Бямбасүрэн,Монгол ТВ Basis Berlin Filmproduktion
2190,Schwarze Milch / Black Milk,2020,87,6.9,Б.Үйзэнмаа,[]
2193,Хэлгүй жим,2020,87,9.3,Г.Даваазул,[]
2194,Ээж хадны домог,2021,87,6.5,Б.Эрдэнэцэцэг,Чононгоо фильм продакшн Хаанаас үзэх вэ?
2208,Цахирмаа,2009,87,7.2,,[]
2213,Зориг,2020,87,8,Б.Гарамханд,Цагаан морь фильм Ланз фильм Хаанаас үзэх вэ?
2220,The Woman,2020,87,7,Б.Отгонзориг,Чой Хайнзан фильм продакшн
2221,Хөхөө,2021,87,9.5,Ж.Жамъянсүрэн,[]
2227,In the Land of Lost Angels,2019,87,7,М.Бишрэл,Д Фильмбридж
2229,Хар сувдны нууц 2,2020,87,5.7,Ц.Амартүвшин,Ф студи Хаанаас үзэх вэ?
2231,Сүүдэрт ургасан цэцэг,2020,87,1.9,А.Батбаатар,Скай пирамид студи Хаанаас үзэх вэ?
2237,Эхиймаа,2020,87,8.3,Д.Золбаяр-ийн,[]
2241,Төлөөс,2020,87,5.7,Ө.Мөнх-Эрдэнэ,Ф студи Хаанаас үзэх вэ?
2242,Гангстерууд,2021,87,2.2,Д.Мөнхбат,Жижгээ & Цогтоо
2244,Хэвтрийн хүн,2020,87,7.2,С.Бямба,Гүрү медиа
2247,Admin Z: Vol 2,2020,87,6.6,,Кино цамхаг студи
2249,Нарны садан,2022,87,7.7,О.Эрдэнэ-ийн,Ю Би Эс телевиз
2250,Мардай,2022,87,2.5,,[]
2252,Говийн зэрэглээ,1980,87,7,Р.Доржпалам,[]
2255,Legends of Olonkho Land,2021,87,6.9,,[]
2261,Бяцхан чөтгөрийн хүсэл,2021,87,3.5,Н.Баясаа,[]
2263,Like,2021,87,6.9,,[]
2268,Өвгөн хуурч,2022,87,7.2,,[]
2269,Хиртээгүй сарнай,2021,87,7,Ц.Хүсэлбаатар,Хас урлан фильм
2272,Цогт тайж,1945,87,6.5,М.Лувсанжамц,[]
2277,Мандухай сэцэн хатан,1988,87,6.9,Б.Балжинням,[]
2296,Өвөл,2021,87,7.2,Ц.Амартүвшин,Ф студи Хаанаас үзэх вэ?
2298,Ертөнцийн сүүлчийн чулуу,1995,87,7.1,Б.Бадрууган,Сүүдэр ший кино компани
2302,Улаан цэцэг,2022,87,6,Б.Энхжаргал,U film Хаанаас үзэх вэ?
2308,Гайхамшигт ертөнц,2021,87,7.4,Р.Эрхэмбүрэн,[]
2313,Дурсаж яваарай,2020,87,7,Э.Ган-Очир,[]
2315,Сүүдэр,2021,87,7.3,М.Аззаяа,Баяр энтертайнмент Хануй фильм Лотус Пикчерс
2317,Худалдагч охин,2021,87,5.4,Ж.Сэнгэдорж,[]
2322,Сүрэг: Мэдэх эрхгүй түүх,2022,87,8.2,О.Базаррагчаа-ийн,Блек зебра
2327,Цасан хүн,2021,87,7.2,Б.Батбаатар,Тоонот пикчерс Хаанаас үзэх вэ?
2330,In da house,2021,87,5.2,Ц.Амартүвшин,Ф студи Жижгээ & Цогтоо Баясаа & Зоригоо
2335,Маргааш бид буцна,2013,87,6.8,А.Мөнхсүх,[]
2336,Сүүдрээр гэтэгч,2022,87,8.5,Б.Батбаатар-ийн,Тоонот пикчерс
2347,Зэрэг нэмэхийн өмнө,1965,87,7.4,Д.Чимэд-Осор,[]
2351,Гарын таван хуруу,1983,133,6.7,Б.Балжинням,[]
2352,Ганцхан шалтгаан,2022,87,6.6,Г.Батзаяа-ийн,[]
2353,Тал нутгийн зомби,2022,87,6.8,Б.Отгонзориг,"Ю Би Фильм медиа групп Кино шүүмж Mungun “Тал Нутгийн Zombie” нь гадаадаас ирсэн бүсгүй хэл сураг тасарсан аавыгаа олохоор найзуудын хамт хөдөө аялах зуур учир битүүлэг зомбины халдвар ойролцоох сууринд дэгдэж буй талаар аймшиг, инээдмийн жанрын кино юм. Миний хувьд өнөөдрийн киног “Зомбитой Монгол кино” гэдгээр нь Монголын хамгийн meme-киноны (элэг доог/хошин дам яриа болсон кино) нэг #Цахирмаа (2009)-аас ямар чанараар илүү байхыг харахаар, харин “зомбитой инээдэм/аймшгийн” жанрын бүтээл гэдэг утгаар нь #ShaunoftheDead (2004, найруулагч Edgar Wright), #Zombieland (2009, найруулагч Ruben Fleischer) гэх мэт адил сэдвийн шилдэг бүтээлийн ололттой шинжийг уран бүтээлчид нь Монгол кинонд хэрхэн нэвтрүүлэх, өөрчлөх, сайжруулах бол гэдгийг үзэхээр төсөөлж байв. Монголын анхны зомбитой кино болох “Цахирмаа”-ийн зоримог боловч “арай ч дээ” гэмээр дэндүү хангалтгүй хийц гүйцэтгэлийн олон олон алдааг эргэн дурсахад уг киноны тун базаахгүй компьютер график болон маш тааруухан нүүр хувиргалт хамгийн түрүүнд санаанд ордог юм. Тэгвэл зомбиг Монгол кинонд дахин дэлгэх оролдлогыг хийж буй “Тал Нутгийн Zombie” киноны зомбины нүүр хувиргалт, дуу чимээ, хөдлөл хөдөлгөөн болон аймшгийн уур амьсгалд нийцсэн зураг авалт, гэрэлтүүлэг, өнгө будаг нь “Цахирмаа”-аас хойших арав гаруй жилд Монгол киноны продакшн хэчнээн гайхалтай өсч хөгжсөнийг тодоос тод харж болохуйц ажээ. Тодруулбал, монгол ахуйд зомби-ийг үзэх нь үнэхээрийн өвөрмөц содон мэдрэмж байв. Монгол гутал хувцастай зомби, монгол гэрлүү довтлох зомби, малын хотонд хашигдсан зомби, Элсэн тасархайн цөлийн манхнаар сарны гэрэлд гүйлдэх зомби, зомбинуудаас зугтах дээлтэй морьтой хүн гээд үзэгдэл зураглалууд нь 2022 оны 1-р сарын байдлаар дэлхийн өөр ямар ч киноноос үзэх боломжгүй хосгүй цор ганц, юутай ч харьцуулшгүй содон сэтгэгдлийг (viewing experience) надад төрүүлсэн юм. Мөн Монгол аймшгийн киноны хурц тод нартайд шахам өрнөх гэдэг гаж доголдол, элэг хөшмөөр хэмжээнд хийдэг хувиргалт, уйтгартай “жижүүрийн” зураг авалтын бахархах зүйлгүй уламжлалыг “Тал Нутгийн Zombie” итгэл төгс эвджээ. Гэвч өнөөдрийн энэхүү бүтээл нь Монгол киноны хамгийн түгээмэл асуудал болох зорилго чиглэлгүй дүр, үйл явдлын уялдаа авцалдаагүй байдлыг тав, арав, хорин жилийн өмнөх кино мэт залгамжлан үргэлжлүүлжээ. Киноны гол дүрүүд нь аавыгаа олох зорилготой гадаадаас ирсэн бүсгүй (жүжигчин Б.Сансармаа), түүнд аяллын үйлчилгээ үзүүлж буй залуу (комедиан Б.Идэр-Од), тэдний найзууд болон хөдөөгийн зарим иргэд юм. Хөдөөгийн нийт иргэдэд тэндхийн жинхэнэ оршин суугчид нь, зарим чухал туслах дүрд мэргэжлийн жүжигчид ажилласан нь тэрхүү ахуй нөхцөлийг “амьдралтай”, сэтгэлд өег бөгөөд чанартай гүйцэтгэлтэй болгосон нь сайшаалтай байлаа. Харин эсрэгээрээ гол дүрүүдэд сэтгэл татам байдал (charisma, relatability) болон зорилго тэмүүлэл ноцтой хэмжээнд үгүйлэгджээ. Тухайлбал аавыгаа авахаар ирсэн гол дүрийн бүсгүй ихэвчлэн зүгээр суух бөгөөд хүслийнхээ төлөө ямар нэгэн үг үйлдэл, хичээл зүтгэл гаргадаггүй; гол дүрийн залуу нь “орчин үелэг күүл” байдал харуулахаар хичээх ч амны фигур, аргацаалт, өндөр амлалтыг үгнээсээ зөрөх үр дүнтэй хослуулах хагас-залилангийн шинжтэйгээр бизнесээ эрхэлдэг байдал нь түүнийг “хулхины худ гар” болгож; харин бусад аялагч залуус киноны нийт үйл явдалд ойролцоогоор 0%-ийн өөрчлөлт нөлөөг (impact) үүсгэж байсан нь тэдэнд аюул занал, үхэл хагацал тохиолдоход үзэгчийн үүднээс өрөвдөх, харамсах, “амьд үлдээсэй” гээд чин сэтгэлээсээ дэмжих мэдрэмж төрөхөд үнэхээрийн хүндрэлтэй болгож байлаа. Гол дүрүүдийн учир дутагдалтай байдлыг лавшруулбал, “Тал Нутгийн Zombie” нь эрэгтэй гол дүрийн өнцгөөс “Зиа юу болж байгааг би ярья” гэж эхлээд, үйл явдлын дундуур ч эрэгтэй гол дүр үзэгчдэд шууд хандсан тайлбар хэсгүүдтэй боловч киноны хоёрдугаар хагаст тэрхүү комментүүд ор сураггүй алга болдог. Ингэснээр эрэгтэй гол дүр маань хямралын дунд сандралдан гүйлдэх бусад туслах дүрүүдээс ямар ч ялгаагүй нэгэн болох бөгөөд киноны үйл явдалдаа ямар нэг үнэ цэн нэмдэггүй уг экс-гол дүр ямар ч шалтгаангүй яаж ийж байгаад л дэлгэцэд (in the frame) үргэлжид зай эзлэх нь ойлгомжгүй бас утгагүй санагдсан зүйлийн нэг байв. Магадгүй хэрэгцээ нь мартагддаг мөртлөө царай нь ямар ч үүрэггүй дэлгэц дүүрэн гараад л байдаг энэ эрэгтэй гол дүрийг чухал даалгавартай мөртлөө юу ч хийлгүй мөн л дэлгэцэд зай эзлээд байгаа эмэгтэй гол дүртэй нийлүүлсэн бол “Хүмүүс хулхиддаг худлаа гар боловч боловч аавдаа үнэхээр хайртай” гэх сонирхолтой эсрэгцэлтэй гол дүр үүсч мэдэх байсан мэт. “Тал Нутгийн Zombie”-ийн дараагийн асуудал нь хаачих ёстой нь ойлгомжгүй үйл явдал байв. Мэдээж аймшгийн кино, тэр дундаа зомбитой кино бүр “Амьд үлдэх, аюулгүй газар очих” хэмээх ерөнхий зорилготой нь ойлгомжтой боловч кино тэрүүхэн сумынхаа ойр хавиар юу үзүүлэх гэж холхиж байгаа нь ойлгомжгүй. Өөрөөр хэлбэл зомбинууд нэгэнт тарж, хямрал болсны дараа дүрүүд “Бүгдээрээ X газарт очвол аюулгүй” гээд зорилготойгоор хөдөлдөггүй, харин үргэсэн мал адил хаа харсан зүгтээ хөлхсөөр байсан нь үйл явдлын эрч хэмнэлийг ихээхэн унагаажээ. Ядаад дүрүүд хаана очих ёстойгоо шийдсэн, эсвэл үзэгчид эртнээс ойлголт өгсөн (telegraphing) бол замд таарсан цаг үрэх мэт үйлдлүүдийг зөвтгөн холбож болох байсан мэт санагдана. Дүр үйл явдлаас гадна “Тал Нутгийн Zombie”-оос мэдрэгдсэн нэгэн ноцтой асуудал нь киноны ерөнхий уур амьсгал (atmosphere)-ийн авцалдаагүй, тууштай бус байдал байлаа. Өөрөөр хэлбэл кино хэзээ инээдмийн, хэзээ түгшүүртэй, хэзээ уянгалахаа мэдэлгүй төөрөх нь цухалдмаар. Сонирхолтой Монгол-зомби зураглал, аюулт тулаан/хөөцөлдөөний дараа явуургүй хямдхан хошигнол, уянгалж уйлуулах ёстой мэт мөч нь илүүц мэт ээлжит тулаанаар тасалдах, адреналин ялгартал аймаар байхад хэн нь ч хэнээсээ ч ялгагддаггүй нөгөө дүрүүд элэглэл хийх аядаж “настр унагаах” явдал тохиох нь даан ч түгээмэл байлаа. “Тал Нутгийн Zombie” киноны хийц чанар, тэр дундаа зураг авалтын ажилбар, нүүр хувиргалт, зомбины гүйцэтгэлийг харахад хэрхэвч муу кино биш.Гэвч түүнд “муу” киноны туслах дүрүүд нь битгий хэл гол дүрүүд нь ч хэрэгцээгүй илүүц санагдам зорилгогүй хоосон чанар, чиглэл маршрутгүй үйл явдал, аймшиг, инээдмээ хэзээ өгөхөө андуурах уур амьсгалын жигд бус байдлын асуудал даанч их ажээ. Цөөн үгээр Дажгүй хийц. Маш өвөрмөц Монгол-зомби зураглалууд. Гэхдээ Монгол киноны нөгөө л утгагүй дүрүүд, хаашаачгүй үйл явдал. Мөнгө цагаа буцааж авмаар байна уу? Бүгд мөнгөө буцааж авмаар гэж туйлшрахгүй ч ядаж хагас цагаа бол эргүүлж авмаар. Тал Нутгийн Zombie (2021) – ★★☆☆☆ (2/5) + Зомбитой кинонд өмнө нь харж байгаагүй Монгол маягийн ганц хоёр өвөрмөц зураглал + Зомбины нүүр хувиргалт + Зомбитой/аймшгийн жанрт нийцсэн гэрэлтүүлэг/зураг авалт (cinematography/lightning) + Эмэгтэй гол дүрд гадаад болон дотоод зөрчил үүсгэхээр оролдсон (character want vs. need) - Инээдтэй, эмзэглэм, серёзны алинд нь ч тууштай биш төөрсөн уур амьсгал (inconsistent atmosphere) - Нэлэнхүйдээ хэрэгцээгүй, үүрэггүй дүрүүд - Дүрүүдийн таалагдах шинжгүй байдал (lack of charisma) - Гол дүрүүдийн базаахгүй жүжиглэлт - Илүүц санагдах тулааны хэсгүүд - Хаа хүрэх зорилго чиглэл нь ойлгомжгүй үйл явдал - Авцалдаагүй далий branding сурталчилгаанууд - Согтууруулах ундааг чухалчилж оруулсан мөртлөө үйл явдлын дунд ямар ч чухал зүйлд ашиглаагүй нь зүгээр л архины сурталчилгаа байсан мэт 2024-06-03 15:21:05 Дэлгэрэнгүй"
2357,Дээд айл,2023,87,7,О.Базаррагчаа,Блек зебра Хаанаас үзэх вэ?
2359,Гэгээн учрал,2021,87,7.1,Б.Буянбат-ийн,Зэв фильм
2362,Сэтгэлд харвасан туяа,2022,87,6.4,,[]
2375,Хүслэн,2021,87,6.9,,[]
2380,Хүний цаана 2: Хуулиас гадуур,2021,87,5.5,Г.Даваазул,[]
2381,Зүсэм зүрх,2021,87,7.4,,[]
2383,Зангараг 2: Төгсгөл,2021,87,7.2,А.Батбаатар,Скай пирамид студи Хаанаас үзэх вэ?
2384,Кассета,2021,87,7.4,С.Баянмөнх-ийн,[]
2392,For You,2022,87,7.1,Г.Жанчив-ийн,[]
2394,Single Guys,2022,87,7.1,Б.Жаргалсайхан,[]
2396,Этгээд,2022,87,6.5,Б.Баатар-ийн,Hero Хаанаас үзэх вэ?
2399,Миний сахилгагүй залуу,2022,87,6,Б.Пүрэвдорж-ийн,[]
2408,Үүрдийн хайр,2022,87,7.2,,Ред пойнт медиа Хаанаас үзэх вэ?
2409,Soulmate,2022,87,3.8,Ц.Хүрэлбаатар-ийн,Ред пойнт медиа Сан пикчерс
2412,Ghost,2022,87,6.7,О.Цэгмэд,Реакшн продакшн
2413,In Da House: Comeback,2022,87,8.9,Ц.Амартүвшин,Ф студи
2415,Солилцоо,2022,87,7.5,Е.Даваасүрэн,[]
2416,Уулын намар,2022,87,7.2,Ц.Цэрэнболд-ийн,Лоожикфильм (Logicfilm) Цэбо фильм
2420,Хар ажил,2022,104,6.9,Г.Даваазул,[]
2421,Наймаа,2023,87,7.6,Г.Даваазул,[]
2423,Баян боол,2023,87,6,Д.Мөнхбат-ийн,[]
2424,Зура 2: Цурам ажиллагаа,2022,87,6.6,Б.Тамир,Ред пойнт медиа
2425,Монгол,2023,87,9.2,Б.Амарсайхан,[]
2426,Гэсэн ч би хайртай,2023,87,6,Ө.Мөнх-Эрдэнэ,[]
2427,Хүй,2023,87,6.7,,Лотус Пикчерс Хаанаас үзэх вэ?
2428,Сэр сэр салхи,2023,87,6.6,П.Лхагвадулам,[]
2429,Сүйт бүсгүй,2023,87,6.8,С.Батмөнх,U film
2431,Нийслэл хүүхэн: Бал сар,2023,99,2.8,Б.Жаргалсайхан,Оранж энтертэйнмент
2432,Хүний ээж,2023,87,6.5,Д.Ганцэцэг,Аримун продакшн Хаанаас үзэх вэ?
2433,Лүд,2023,87,5.6,,[]
2434,Гүртэн,2022,87,1,,Tashuur film
2435,Гадны нөлөөгүй,2022,87,6.4,Д.Галбаяр,Гөү адвенчер студи Ред пойнт медиа
2436,Эргэж ирэхгүй намар,2022,87,0,Б.Амарсайхан-ийн,Ай Эф Ай продакшн (IFI Production)
2437,Бэхэн зүрх,2022,87,6.9,А.Баттүшиг,[]
2438,Сэвлэг,2023,87,7,Ц.Цэрэндорж,[]
2439,Сүүдрийн хот,2023,87,5,Е.Даваасүрэн,[]
2440,Миний хүүтэй гэрлээч,2023,87,3,Ц.Хүсэлбаатар,Хас урлан фильм
2441,Баавгай болохсон,2024,87,7.1,П.Золжаргал,Амигдала фильм
2442,Мөнх Тунх: Ямар нэг юм аварсан нь,2022,87,6.8,Х.Батболд-ийн,Гэртүүн Хаанаас үзэх вэ?
2443,Эмэгтэйн кейс,2023,87,6.5,Д.Галбаяр,Гөү адвенчер студи Хаанаас үзэх вэ?
2444,Залгамжлагч,2022,87,0,,[]
2445,Доктор,2022,87,0,Ц.Цэрэндорж-ийн,[]
2446,Цагаан эрэг,2023,87,4.5,Ц.Амартүвшин,Ф студи Хаанаас үзэх вэ?
2447,Үйлийн үрийн дэн буудал,2022,87,6.7,,[]
2448,95: Зүүдний хүн,2023,87,7.3,П.Дэлгэрбаяр,[]
2449,Застав,2023,87,6,Б.Мөнх-Амьдрал-ийн,[]
2450,Алдагдсан өдрүүд,2023,1,6.7,Б.Гарамханд,[]
2451,Хайр 2,2023,87,6,Д.Түвшинбаяр,ХЕРУБ интертайнмент Хаанаас үзэх вэ?
2460,Зура 3: Цэвэрлэгээ,2024,232,7.3,Б.Тамир,[]
2461,Улаан явар,2024,125,6.5,,[]
2465,Сүүлчийн бүүвэй,2024,117,4,Ө.Мөнх-Эрдэнэ,[]
2466,16 дахь хавар,2024,87,6.2,Б.Гарамханд,[]
2467,Чи өөрөө хайр,2024,87,6.6,Б.Энхжаргал,[]
2469,Хайрын гэрээ,2024,88,0,А.Баярсайхан,Эго продакшн Хаанаас үзэх вэ?
2470,Fearbook 3,2023,87,0,П.Ариунбаатар-ийн,[]
2471,Трио,2023,87,6.8,Д.Баттөмөр-ийн,[]
2472,Ээждээ,2023,87,6.6,Г.Жанчив,[]
2475,Намаг,2023,87,3.5,,Хамба фильм
2477,Зүрхэн зүг,2023,87,0,,Warm pictures
2480,Будилаан,2023,123,0,,[]
2481,Зүүдний кафе,2023,87,6.4,,[]
2487,"Бусад дүрийн хувьд, “номын цагаан солиот” оюутан залуугийн шинжлэх ухааны гэнэтийн фактууд эрс шинэлэг, өмнө нь дуулаагүй сонирхолтой эсвэл киноны үйл явдалд нөлөөтэй (impactful) бус зүгээр л “энэ ёстой далий нөхөр шүү” гэдэг хошигнолоо мянга давтахаас өөр үүрэггүй; архины архаг хамааралтай хариуцлагагүй зөөгч залуу идэш уушаа тохируулах эсвэл дуугаа хүмүүст хүргэх өөрийн санаачлагатай үйлдэлгүй; ээжийн үгээр амьдрагч өтөл зандан залуу бусдынхаа сүүдэрт амандаа ээрч муурсан хэвээр киноны дийлэнх хугацааг өнгөрөөсөн нь урам хугалам.",2009,87,5.6,Б.Төгөлдөр-ийн,[]
2488,Doctor,2022,87,7,Ц.Цэрэндорж-ийн,[]
2489,Цас орж байна,2022,87,0,,[]
2495,Гэрэлт одны нууц,2021,87,0,М.Энхдалай,[]
2497,Фукуокт нэг удаа,2024,87,5.9,,[]
2502,Секс бол юу ч биш,2021,32,7.4,,[]
2504,Сорил,2022,133,6.8,Б.Батдэлгэр-ийн,[]
2505,Hacker,2022,87,2,,[]
2506,Саран хийл,2022,120,0,,[]
2507,The Coach,2022,120,6.2,,[]
2508,Үүлэн сэтгэл,2024,87,6.1,Л.Эрдэнэ-Очир,[]
2509,Бэрх Шагай,2024,87,0,Ч.Билгүүн,[]
2510,Үхлийн Тойрог,2024,80,7.6,Ц.Цэрэндорж,Дрийм энтертайнмент Хаанаас үзэх вэ?
2511,Хайрын Домог,2024,87,5.6,Б.Чингүүн,Ю Би Эс телевиз
2512,Хайр хүлээсэн хавар,2024,91,4.7,У.Эрхэмбаяр,Khoimor.mn Хаанаас үзэх вэ?
2513,Андгай,2024,134,6.5,А.Мөнхтулга,[]
2521,Тойрог,2024,83,7.6,,Оранж энтертэйнмент
2522,Нүүргүй Хүн,2024,100,3.5,Ш.Доржсүрэн,ДОЗ энтертайнмент Оранж энтертэйнмент Скаймедиа Хаанаас үзэх вэ?
2523,Дээдсийн хүрээлэн,2024,18,2.8,Э.Чинзориг,[]
2526,Чамтай учирснаас хойш,2024,156,6,Д.Дашдолгор,[]
2527,Аавуудын цэцэрлэг,2024,132,1.5,Г.Төмөртогоо,[]
2528,Эх орондоо л очихсон,2024,125,0,З.Батбилэг,Zoljargal and Son Film
2529,Нударга,2023,136,0,,Old film house
2530,Юунаас ч илүү,2022,87,0,М.Энхдалай,[]
2531,Дурлалын галт тэрэг,2020,87,0,М.Энхдалай,[]
2532,Тэрбумын хэрэг,2015,90,0,А.Миеэгомбо,YB entertainment
2533,Амьдралын амт,2009,90,6.5,Б.Чингүүн,Найзууд театр
2538,Диваажингаас Амьдралд Хүрэх Зам,1998,134,0,Ж.Сэнгэдорж,Бэрс студи
2539,19,2012,87,0,Ж.Сэнгэдорж,[]
2541,Нарны Өнгө,2012,110,0,Ж.Сэнгэдорж,[]
2542,Адам OXYGEN,2010,75,0,Ж.Сэнгэдорж,Лоожикфильм (Logicfilm)
2544,Удирдагч,1998,133,0,Д.Энхбаатар,[]
2557,Хөдөөгийн баясгалан,1974,108,0,Д.Жигжид,[]
2558,Шар гэгээ,2023,116,5.1,,Оранж энтертэйнмент
2561,Өглөө,1968,129,0,Д.Жигжид,[]
2563,Тунгалаг тамир,1970,130,0,,[]
2564,Хана,2007,130,6.9,,[]
2565,Төгс хайр,2023,130,0,Ч.Билгүүн,[]
2568,Урлагийн сургууль,2022,30,3.9,Ж.Номингэрэл,[]
2569,Намуухан,2019,87,0,",",Playmo Хаанаас үзэх вэ?
2570,Ар хөвч,2023,75,0,Д.Цогт,[]
2572,Диваажинд хүрэх зам,2019,130,0,Д.Ганцогт,Mesmerism
2573,Манайд нэг удаа,2021,135,6.4,Ө.Мөнх-Эрдэнэ,[]
2574,The women,2021,123,0,,Чойхайнзан фильм продакшн
2575,Орилоон 2,2019,120,0,С.Батзориг,Очир фильм студи Гэрэлтэй цонх Хаанаас үзэх вэ?
2576,7-р Тусгай Тасаг,2019,130,0,Д.Отгонсүрэн,[]
2578,Хайрцаг,2023,132,6.4,М.Батмагнай,Blue sky entertainment Сонор мялаах цаг
2579,Аав хүү төлөвлөөгүй шинэ жил,2024,48,6.5,Б.Гансүх-ийн,Molpedia TV
2581,Гурван булшны тарчлаан,2024,120,7,Б.Тулга-Очир,Мафи фильм Хаанаас үзэх вэ?
2582,Сүнстэй байшин,2021,60,0,Б.Нарангэрэл,[]
2583,Last kiss,2022,126,8,Д.Тэмүүлэн,Lebu motion pictures Хаанаас үзэх вэ?
2585,Хамуу ажиллагаа,2023,110,0,,[]
2586,Самарчид,2022,88,6,Д.Отгонбаяр,Оюунлаг продакшн Оранж энтертэйнмент Тулгатан пикчерс Хаанаас үзэх вэ?
2587,Баярлалаа ээжээ,2020,63,0,,[]
2588,Ханиа даргад үнсүүл,2021,87,0,,[]
2589,Цэргийн ээж,2021,64,6.5,,[]
2592,Амьдралын хүрд,2024,132,0,Э.Мөнхбаяр,Arildi film Хаанаас үзэх вэ?
2593,Дуудлагын хов базагч,2022,82,6.5,,Оранж энтертэйнмент Update entertainment Скаймедиа
2594,Дуудлагын хов базагч 2,2023,79,0,,Оранж энтертэйнмент Скаймедиа
2596,Нарны сүүдэр,2023,87,0,,[]
2597,Battle X Zone реалити шоу,2024,60,1.3,Н.Ариунболд,Lebu motion pictures Хаанаас үзэх вэ?
2598,Хэзээ хүнтэй суух вэ?,2023,69,0,,[]
2600,Гэрэл,2019,14,0,Б.Чингүүн,Medremj film
2601,Амьдралын урт замд,2019,87,6.6,,[]
2602,Тэнгэрийн продюсер,2019,95,0,,[]
2604,Сахилга зөрчигч,2024,60,6.3,Г.Адъяабаяр,[]
2606,Цус сорогчийн хайр,2023,132,0,,[]
2607,VIP,2023,87,10,А.Батбаатар,[]
2608,3р сарын бэлэг,2022,48,0,Б.Батзориг,[]
2609,Приусны босс,2017,127,0,Д.Мөнхбат,[]
2611,Хайр өөрөө,2023,103,6.8,,[]
2613,Би гишүүн баймааргүй байна,2023,90,6.8,,МАСК продакшн Оранж энтертэйнмент
2614,Зуун гулууз,2024,98,2.6,Д.Отгонбаяр,[]
2615,Монгол бро,2023,75,6.5,Ц.Амартүвшин,Оранж энтертэйнмент F Studio
2616,Алтан хүргэн,2024,96,4,Д.Галбаяр,Гөү адвенчер студи Оранж энтертэйнмент
2620,Эргэх учрал,2023,100,0,Б.Дамдинсүрэн,[]
2621,Зуулт,2023,73,0,Д.Гүрсэд,[]
2622,Амьдралын зөрлөг,2024,97,0,Э.Лувсандаш,[]
2623,Сүүлчийн монита,2023,55,6.5,Д.Ганцогт,[]
2624,Restart,2023,155,0,Ж.Сэнгэдорж,[]
2625,Хавтаст хэрэг,2022,65,3.8,Б.Дамдинсүрэн,[]
2626,Эхнэрийн зөв,2023,84,0,Ө.Мөнх-Эрдэнэ,[]
2627,Охиндоо өгсөн тангараг,2022,93,0,Ө.Мөнх-Эрдэнэ,[]
2628,Хадланчид,2023,100,0,Д.Отгонбаяр,[]
2629,Тээврийн жолооч,2023,79,0,Ц.Хүсэлбаатар,[]
2630,Гулгаа,2024,94,0,Д.Отгонбаяр,[]
2631,Манайд ирсэн дурлал,2023,55,6.5,Б.Дамдинсүрэн,[]
2632,Морьтой л болёя,2021,60,0,Д.Мөнхбат,[]
2633,Их хааны буурч,2024,87,6.4,,[]
2634,Шувуун хээр,2023,78,0,Э.Тэмүүжин,Оранж энтертэйнмент
2637,Тархи баригч,2023,122,0,,[]
2639,Синдром арт 2,2024,25,0,Л.Дашдооров,[]
2640,Синдром арт 3,2024,40,0,Л.Дашдооров,Бид хэд нэгдэл Хаанаас үзэх вэ?
2642,Хөдөөний дүү,2024,72,0,Д.Мөнхбат,[]
2643,The gift,2022,83,0,Ц.Мөнхням,[]
2644,Ийм нэгэн өдрүүд,2018,123,0,И.Одончимэг,[]
2646,Гэмгүй буруутнууд,2009,87,0,И.Одончимэг,[]
2647,Түүх Мартахгүй 2,2021,105,0,А.Мөнхсүх,[]
2648,Нөхөрт гарсны маргааш,2021,70,0,Р.Сүхболд,[]
2649,Өчигдөр,2020,87,0,Н.Наранбаатар,[]
2650,Би эмээ болмооргүй байна,2019,54,0,,[]
2651,Хэрээт төгөл,2020,100,0,П.Цэрэндагва,[]
2652,Бүүвэй,2024,65,6.6,С.Сарантуяа,[]
2653,Каринтины хүүхдүүд,2021,87,0,,[]
2654,Шилүүс,2020,87,0,П.Лхагвадулам,[]
2655,Дурласан,2020,87,0,Г.Ундармаа,[]
2656,Уучлаарай та дугаар андуурч,2020,87,0,,[]
2657,Хурим сүйтгэгчид,2024,86,6.5,Г.Жанчив,Оранж энтертэйнмент Скаймедиа Хаанаас үзэх вэ?
2658,Алдарт ээжүүдийн ажил хаялт,2024,75,0,Д.Галбаяр,Гөү адвенчер студи Оранж энтертэйнмент
2659,Бидний зурсан амьдрал,2024,84,0,Ө.Мөнх-Эрдэнэ,[]
2660,Цаггүй амьдрал,2022,65,0,Б.Нямтөр,[]
2661,Баяр бусниулсан зочид,2021,45,0,,[]
2662,Дайрлага,2024,70,0,Ц.Хүсэлбаатар,[]
2663,Энэ миний наадам,2021,50,0,,[]
2664,Хувь заяа,2024,117,5.3,Г.Бямбасүрэн,[]
2665,Монгол хүү,1936,123,0,Т.И.З,[]
2666,Норжмаагийн зам,1938,87,0,Т.Нацагдорж,[]
2667,Social man,2020,106,0,Д.Лхагва,LVA entertainment Хаанаас үзэх вэ?
2669,Тавилан 2,2013,87,0,Л.Энхбаяр,Friends and Brothers film
2670,Дэлхийд дурласан сар,2012,90,0,С.Баттулга,[]
2671,"Саанжий, Мөөнжий шидэт чулууны эрэлд",2024,54,6.3,Л.Ариунболд,A film Хаанаас үзэх вэ?
2672,3 дахь цохилт,2024,90,5,Р.Эрхэмбүрэн,[]
2673,Золиос 6/16,2024,120,6.3,Е.Даваасүрэн,[]
2674,Өмнөдийг зорих замд,2024,100,5.7,,KorTop Media компани Тулгатан пикчерс
2675,Хэлгүй жим-2 Дада,2024,80,6.1,Г.Даваазул,Этик продакшн
2676,Хамгийн сайхан бэлэг,2022,96,5,З.Батболд,Оранж энтертэйнмент Скаймедиа Хаанаас үзэх вэ?
2677,Hot Crush,2024,87,2,Ц.Мөнхням,88 Films Хаанаас үзэх вэ?
2678,Манекен,2024,89,0,,[]
2679,13-р сар,2023,94,6.5,Г.Жанчив,Оранж энтертэйнмент Скаймедиа Хаанаас үзэх вэ?
2680,Фракц 3,2021,70,0,,[]
2682,Хөгжилтэй дүр 4,2017,50,0,С.Төмөртулга,Оранж энтертэйнмент
2684,Фракц 1,2020,70,10,Ц.Амартүвшин,Эмоци продакшн Хаанаас үзэх вэ?
2687,Z.OE Back to the memories,2020,60,0,Б.Оюунбаатар,OTZ media Хаанаас үзэх вэ?
2688,Мөнх Тунх 5-р улирал,2022,35,0,Ц.Бат-Оргил,[]
2691,Би хайртай хүнтэй,2013,69,0,Н.Соёлбат,[]
2692,Маргаашгүй,2012,87,0,,[]
2694,Чонын дурлал,2011,87,0,Ж.Солонго,[]
2695,Аз жаргалын эрэлд 2,2010,107,6.3,Б.Мөнх-Амьдрал,Маршал креатив агентлаг
2697,Хайрлаж болох уу,2010,96,6.5,А.Мэндсайхан,Найз энтертайнмент
2698,Хайрын үнэ цэнэ,2010,88,0,,2B Studio
2699,7 сарын 1,2009,92,0,,[]
2701,Луйврын хот,2009,70,0,,[]
2702,Сая километр,2009,87,0,,Cross animation studio
2703,Тушаал,2009,89,0,,[]
2704,Халуун сэтгэл,2008,88,0,Л.Энхбаяр,Эрхэм элч
2707,Сэргээш 3,2007,55,6.5,,[]
2708,Зугтаарай,2004,100,6.5,Ц.Хүсэлбаатар,Шилдэг өнгө продакшн
2709,Сэргээш 2,2003,55,6.5,Ч.Найдандорж,[]
2710,Баяжих шахсан нь,2002,63,0,,[]
2712,Цаасан шувуу,2019,90,0,Б.Билгүүн,[]
2713,Үхэж үл болно Чингис хаан,2008,120,0,Л.Эрдэнэбулган,[]
2715,Сүүлчийн бүжиг,2008,99,5.8,,[]
2716,Сэрэлт,1957,90,0,,[]
2717,Нийслэл хүү,1968,58,6.5,Б.Жамсран,[]
2718,Агуйн нууц,1969,70,0,Б.Сумхүү,[]
2719,Далайд дусал нэмэр,1970,61,5,Ж.Бунтар,[]
2720,Хүргэн хүү,1970,70,6,Д.Жигжид,[]
2721,Нар хиртсэн жил,1974,80,5,Ж.Бунтар,[]
2722,Хүний амь,1976,70,4.5,Г.Жигжидсүрэн,[]
2724,Суварган цэнхэр уулс,1978,80,5,Г.Жигжидсүрэн,[]
2726,Говь хянганд тулалдсан,1981,155,0,В.Ордынский,[]
2727,Саруул талын ерөөл,1984,84,0,Р.Доржпалам,[]
2728,Загийн алим,1984,91,5,С.Дамдин,[]
2729,Зоорь 2,2019,70,1,Б.Цогт-Эрдэнэ,Кино цамхаг студи LOFILM
2731,Бидний араншин,2024,85,0,Ц.Амартүвшин,[]
2733,Бид мартахгүй,1985,88,6,Х.Дамдин,[]
2734,Байлдааны даалгавар,1985,62,5,Б.Нагнайдорж,[]
2735,Сүүдэр,1986,86,6.3,Б.Балжинням,[]
2736,Намар нахиалсан мод,1986,80,0,Г.Жигжидсүрэн,[]
2737,Нандин Эрдэнэ,1986,86,6,И.Нямгаваа,[]
2738,Би нисэх дуртай,1987,86,0,Б.Сумхүү,[]
2739,Мандхай цэцэн хатан 1,1988,63,0,Б.Балжинням,[]
2740,Мандхай цэцэн хатан 2,1988,63,7,Б.Балжинням,[]
2741,Мандхай цэцэн хатан 3,1988,76,7,Б.Балжинням,[]
2742,Мандхай цэцэн хатан 4,1988,67,6.5,Б.Балжинням,[]
2744,Z-Zone,2024,84,6,,Хас медиа интертайнмент
2745,Хааны сүүлчийн хатан,2000,117,0,Ж.Солонго,[]
2746,Сэргээш 1,2002,54,6.6,Ч.Найдандорж,[]
2747,Шувууд буцах намар,1992,94,0,,[]
2748,Бурхан мартсан заяа,2002,104,0,,[]
2752,A One-way ticket,2024,70,0,Т.Лхагважаргал,[]
2753,Ижийдээ очих намар,2024,81,0,А.Батбаатар,[]
2754,Нутгийн зүг,2023,124,3,З.Батболд,[]
2755,Дурсамж 2012,2022,66,0,Б.Дамдинсүрэн,[]
2756,Хоёр шөнө,2024,87,0,Р.Эрхэмбүрэн,[]
2757,Шалгарсан арга,2024,80,6.5,,Wsup
2758,Хүргэлт үнэгүй,2024,70,0,Г.Лхагвацэрэн,[]
2759,30 саяын sex,2024,87,6.4,,[]
2761,Баяртай ээжээ,2024,75,0,,[]
2763,Мартагдсан дууль,1989,84,0,,[]
2764,Бүлээн нурам,1990,80,6.5,Г.Жигжидсүрэн,[]
2765,Хүн чулууны нулимс,2024,64,0,Г.Жигжидсүрэн,[]
2766,Тод магнай,1990,95,0,Ж.Бунтар,[]
2769,Цэц магнай,1995,86,0,Ж.Бунтар,[]
2775,Пагмадулам,2024,172,3.8,Б.Ганболд,Хамба фильм Хаанаас үзэх вэ?
2777,Манан,2021,80,0,,[]
2780,Гэгээ,2023,85,0,,[]
2781,Торгоны маань хээ,2022,80,6.5,,[]
2783,Гажуудал,2024,78,6.7,Б.Баатар,[]
2784,Тань руу нүүж явна,1984,91,6.5,Б.Балжинням,[]
2785,Давааны цаана даваа,1977,79,0,Ж.Бунтар,[]
2786,Тойрох хуудас,1979,80,6,,[]
2787,Зорчигч,2024,90,6.6,,[]
2788,Ээвэр,2024,35,3,Д.Цогт,Tsogt film / Pro entertainmant Хаанаас үзэх вэ?
2789,Харанхуйн нууц,2024,79,3.3,Б.Чингүүн,Mogul cinema Sutai pictures
2790,Морьтой ч болоосой,1959,75,0,Р.Доржпалам,[]
2791,Эрдэнэсийн Арал,2024,100,3.6,О.Цэгмэд,Оранж энтертэйнмент
2792,Бараг л Аймшгийн Кино,2024,80,4.6,Д.Баттөмөр,Монгол фильм групп Хаадын хаан пикчерс
2794,Алтан өргөө,1961,75,6.5,Р.Доржпалам,[]
2795,Миний шинэ хот,2022,80,0,,[]
2797,Улаанбаатарт байгаа миний аавд,1961,88,7,,[]
2799,49 хоног,2024,104,6.2,Т.Анар,[]
2800,13-ын А,2024,100,0,Ш.Доржсүрэн,[]
2801,Газрын үнэр,1979,81,0,Х.Дамдин,[]
2802,Алт амилах цаг,1994,67,0,Д.Төрбат,[]
2803,Хөх нуур,2023,79,0,Ө.Мөнх-Эрдэнэ,[]
2804,Ихэр тавилан,2022,96,0,Ө.Мөнх-Эрдэнэ,[]
2805,Цахилж яваа гөрөөс,2000,66,0,,[]
2806,Нөхрийн эзгүйд,2024,47,4,Н.Даваадорж,Colcando нэгдэл Хаанаас үзэх вэ?
2807,Life is love,2024,60,5,П.Энхбаатар,[]
2808,Хавтаст хэрэг 2,2024,70,6.6,,[]
2809,Заваан авга ах,2024,60,6.4,Э.,[]
2810,Хөхөө гэрлэх дөхлөө,1962,76,0,Б.Жамсран,[]
2811,Попури-изм 1,2020,10,0,Д.Эрдэнэбулган,[]
2812,Попури-изм 2,2021,10,0,Д.Эрдэнэбулган,[]
2813,Соёолон Ажиллагаа,2022,150,0,Ш.Доржсүрэн,[]
2814,Өвөө бид хоёр,2007,20,0,Ш.Доржсүрэн,[]
2815,Эцэг,2024,60,0,С.Баттулга,Уужим фильм Оранж энтертэйнмент Тулгатан пикчерс
2816,Миний хайртай Пабло,2022,68,2.7,Ц.Амартүвшин,[]
2817,Гэрэл,2024,120,6.8,Г.Даваазул,Үүлэн фильм
2818,Бидний мэдэх диваажин,2024,115,0,,[]
2819,Хойд эхийн тачаал,2024,46,2.7,Н.Бямбацогт,Зүмбэр филм студи Хаанаас үзэх вэ?
2820,Танихгүй ах,2024,84,0,О.Базаррагчаа,[]
2821,Цагаан туг,2024,95,0,Ч.Батбаяр,Chog Som film
2822,Урагдсан хуудас,2024,85,4.7,Б.Үгбаяр,[]
2823,31 дэх өдөр,2024,80,1,Л.Ариунболд,Дииииид
2824,Жинхэнэ эрчүүд,2024,25,0,Ж.Мөнхсайхан,Оранж энтертэйнмент Скаймедиа Хаанаас үзэх вэ?
2825,Хамгийн чухал нь,2021,46,0,,[]
2826,Өвлийн инээмсэглэл 2016,2016,110,0,И.Одончимэг,[]
2827,Супер лиг,2020,88,0,Э.Оргил,Хаган фильмс Хаанаас үзэх вэ?
2828,Асрагч,2020,94,6,А.Мөнхтулга,[]
2829,Соёг,2021,91,0,А.Мөнхтулга,[]
2830,Тоглоомын донтон,2021,93,3,А.Мөнхтулга,[]
2831,Хуйвалдаан,2020,95,6.5,Б.Жаргалсайхан,[]
2832,Deja vu,2019,90,0,Б.Чингүүн,[]
2833,Six Feet,2024,103,0,Б.Чингүүн,[]
2837,Бүсгүй,2025,130,5.4,Л.Базарсад,Монгол фильм групп
2839,Homies 2,2024,90,4.6,Э.Дорждэрэм,[]
2840,Хайрын бэлэг,2024,70,0,Н.Ариунболд,[]
2841,Бригадын шинэ жил,2024,60,6.7,П.Сүхболд,Khoimor.mn Хаанаас үзэх вэ?
2843,Өвлийн инээмсэглэл 2024,2024,87,4,И.Одончимэг,Х-ТҮЦ продакшн
2844,B1 Давхар,2025,75,6.2,М.Наранбаатар,Mongol stunt team
2845,Хулгайлагдсан охин,2024,47,6.4,Э.,[]
2846,Дахин олдохгүй хайр,2024,90,0,М.Батмагнай,[]
2847,366 дахь өдөр,2024,96,0,О.Цэгмэд,[]
2848,Амьдрал,2025,60,10,Л.Ган-Эрдэнэ,Оранж энтертэйнмент Хаанаас үзэх вэ?
2849,Dolge ажиллагаа,2025,80,0,,[]
2850,Ариусал,2002,80,0,Ж.Батбаатар,Хийморь фильм
2851,Болзооны сургууль,2025,25,6.4,,[]
2853,Нинжа охид,2025,70,4,Б.Мөнх-Амьдрал,A&O продакшн Хаанаас үзэх вэ?
2854,Хүлээх өрөө,2025,96,8.8,,Хүлэгү пикчерс
2855,Өс залгамжлагч,2025,1,0,,[]
2856,Тийрэн,2025,89,1.8,П.Энхбаатар,BORN Film studio
2857,Аминч,2025,90,3.2,Г.Бямбасүрэн,Хувьсал продакшн Hero Авиа студи Хаанаас үзэх вэ?
2858,Миний найз бүсгүй сүнс,2025,80,0,С.Бүжин,Cine ART
2859,Шударга луйварчид,2025,90,7.2,,MEDQ media agency
2860,Цөвүүн цаг,2025,130,7.9,О.Бат-Өлзий,[]
2861,In da house 3,2025,90,4.6,Ц.Амартүвшин,Скаймедиа
2862,Балай санаа,2025,76,6,Г.Үүрийнтуяа,Underrated production Хаанаас үзэх вэ?
2863,Хөгжилтэй дүр 2,2017,67,0,С.Төмөртулга,Оранж энтертэйнмент
2864,Хөгжилтэй дүр 3,2017,50,0,С.Төмөртулга,Оранж энтертэйнмент
2878,47,2023,65,1.3,,Black squad
2880,Эможи 2,2018,66,0,Г.Жанчив,Оранж энтертэйнмент
2892,Дэлхий даахгүй баян баярын контент,2019,60,0,Д.Галбаяр,Оранж энтертэйнмент
2893,Сайн ах баярын контент,2019,90,0,Р.Эрхэмбүрэн,Оранж энтертэйнмент Хүүк фильм
2894,Бууз ажиллагаа,2020,56,0,Р.Эрхэмбүрэн,Оранж энтертэйнмент Хүүк фильм
2895,Sex vlog,2025,66,2.2,А.undefined,Film plus Хаанаас үзэх вэ?
2896,Солонгос драма монголд,2020,79,0,Н.Баясаа,Оранж энтертэйнмент
2897,Хүрлээ Цогоо гуай хоёр,2020,55,0,Ө.Мөнх-Эрдэнэ,Оранж энтертэйнмент Хүүк фильм
2898,No wifi zone,2021,81,0,,МАСК продакшн Оранж энтертэйнмент
2899,Очироо Сүхээ өвлийн томилолт,2022,89,0,,Оранж энтертэйнмент Update entertainment
2900,Бумбын тахилга,2022,99,0,Д.Галбаяр,Оранж энтертэйнмент Туургатан медиа групп
2909,Амьдралын урт замд 2,2025,101,6.3,С.Баттулга,[]
2930,Ташаа тулсан Ф,2025,100,5,Ш.Доржсүрэн,ДОЗ энтертайнмент
2935,Хүйдэс,2025,70,2.9,А.Баярсайхан,Эго продакшн Хаанаас үзэх вэ?
2936,Амингоо,2012,30,0,Б.Тамир,Фантастик продакшн
2941,Шинэ охин,2025,120,1.7,,Голконда театр Хаанаас үзэх вэ?
2942,Халуун бороо,2025,90,2.8,,МИЛЛ кино компани
2944,Худаг,2025,80,0,Б.Эрбор,Blender room
2946,Орохыг хориглоно,2021,30,0,Б.Тулга-Очир,Тэгт тойрог кино компани
2947,Галбингаа,2025,90,3,Б.Жаргалсайхан,Khan khuur
2949,Өндгөн сүй,2025,85,0,О.Гэрэлсүх,[]
2952,Тэнгэр газрын хязгаарт,2025,40,6.5,Д.Тэмүүлэн,[]
2953,Сансула,2025,88,0,,[]
2954,Pigland 2,2025,87,0,Б.Энхсайхан,Nomadia pictures
2955,Шийдсэн хүн,2025,88,1,Э.Цэрэнпунцаг,Maruujin
2956,Хар өглөө,2025,117,6.5,Е.Даваасүрэн,Событ продакшн Ддэш ТВ
2957,Зүүднээс дор,2025,62,0,Г.Бат-Ирээдүй,Хэм продакшн
2959,No Rules 3: History,2025,50,6.8,Р.Эрхэмбүрэн,OI entertainment Хаанаас үзэх вэ?
2960,Rhyme,2025,116,6.4,А.Баттүшиг,Ordu Films
2961,Эцсийн Зогсоол 2 Сүүлчийн Xүргэлт,2025,104,7.6,Ц.Цэрэндорж,Agula film
2962,Татар,2025,110,5.7,Б.Батдэлгэр,Аранжин пикчерс
2963,Гүн Тайгын Манан,2025,87,0,Г.Даваажаргал,Оранж энтертэйнмент
2964,Тэг Цэг Үйлдэл,2025,131,7.7,Э.Алдар,Ai Production
2965,ШАЛЗ,2025,107,6.6,Б.Амарсайхан,17 продакшн
2966,Хажуу өрөө,2025,75,6.5,А.Баттулга,Мэлмий интертайнмент
2968,1242: Gateway to the West,2025,107,4.5,P.Soós,[]
2969,Гарц 3: Төгсгөл,2025,110,6.9,Б.Саруулбуян,[]